CustomerID,InternalObligorID,OriginalInternalObligorID,ObligorName,City,Country,ZipCodeForeignMailingCode,IndustryCode,IndustryCodeType,InternalRating,TIN,StockExchange,TKR,CUSIP,InternalCreditFacilityID,OriginalInternalCreditFacilityID,OriginationDate,MaturityDate,FacilityType,OtherFacilityType,CreditFacilityPurpose,OtherFacilityPurpose,CommittedExposure,UtilizedExposure,LineReportedOnFRY9C,LineOfBusiness,CumulativeChargeoffs,PastDue,NonAccrualDate,ParticipationFlag,LienPosition,SecurityType,InterestRateVariability,InterestRate,InterestRateIndex,InterestRateSpread,InterestRateCeiling,InterestRateFloor,TaxStatus,GuarantorFlag,GuarantorInternalID,GuarantorName,GuarantorTIN,GuarantorInternalRiskRating,EntityInternalID,EntityName,EntityInternalRiskRating,DateFinancials,DateLastAudit,NetSalesCurrent,NetSalesPriorYear,OperatingIncome,DepreciationAmortization,InterestExpense,NetIncomeCurrent,NetIncomePriorYear,CashMarketableSecurities,AccountsReceivableCurrent,AccountsReceivablePriorYear,InventoryCurrent,InventoryPriorYear,CurrentAssetsCurrent,CurrentAssetsPriorYear,TangibleAssets,FixedAssets,TotalAssetsCurrent,TotalAssetsPriorYear,AccountsPayableCurrent,AccountsPayablePriorYear,ShortTermDebt,CurrentMaturitiesLongTermDebt,CurrentLiabilitiesCurrent,CurrentLiabilitiesPriorYear,LongTermDebt,MinorityInterest,TotalLiabilities,RetainedEarnings,CapitalExpenditures,SpecialPurposeEntityFlag,LOCOM,SNCInternalCreditID,ProbabilityOfDefault,LGD,EAD,RenewalDate,CreditFacilityCurrency,CollateralMarketValue,PrepaymentPenaltyFlag,EntityIndustryCode,ParticipationInterest,LeveragedLoanFlag,DispositionFlag,DispositionScheduleShift,SyndicatedLoanFlag,TargetHold,ASC32620,PCDNoncreditDiscount
CUST001,INT001,INT001,Acme Corp,New York,US,10001,511110,1,A,12-3456789,NYSE,ACM,123456,CF001,CF001,2020-01-15,2025-01-15,7,,11,,20100000,19600000,2,Corporate Banking,0,0,9999-12-31,1,2,1,1,0.045,NA,NA,NA,NA,1,1,NA,NA,NA,NA,ENT001,Acme Corp Finance,A,2020-12-31,2021-01-15,20100000,19100000,3050000,510000,410000,2550000,2450000,1005000,2005000,1805000,1505000,1405000,5020000,4820000,10050000,8050000,15100000,14600000,1205000,1105000,503000,703000,3010000,2910000,4015000,NA,7020000,2010000,605000,1,3,NA,0.0050,0.4500,20100000,9999-12-31,USD,25100000,3,511110,1.0000,1,0,,0,NA,20100000,
CUST002,INT002,INT002,Beta LLC,Los Angeles,US,90001,541330,1,B,98-7654321,NASDAQ,BETA,654321,CF002,CF002,2020-01-15,2025-01-15,7,,11,,20200000,19700000,3,Corporate Banking,0,0,9999-12-31,2,3,2,1,0.045,NA,NA,NA,NA,1,1,NA,NA,NA,NA,ENT002,Beta LLC Finance,B,2020-12-31,2021-01-15,20200000,19200000,3100000,520000,420000,2600000,2500000,1010000,2010000,1810000,1510000,1410000,5040000,4840000,10100000,8100000,15200000,14700000,1210000,1110000,506000,706000,3020000,2920000,4030000,NA,7040000,2020000,610000,1,3,NA,0.0050,0.4500,20200000,9999-12-31,USD,25200000,3,541330,1.0000,1,0,,0,NA,20200000,
CUST003,INT003,INT003,Delta Inc,Chicago,US,60601,424480,1,C,12-3456789,NA,DELTA,234567,CF003,CF003,2020-01-15,2025-01-15,7,,11,,20300000,19800000,4,Corporate Banking,0,0,9999-12-31,1,4,3,1,0.045,NA,NA,NA,NA,1,1,NA,NA,NA,NA,ENT003,Delta Inc Finance,C,2020-12-31,2021-01-15,20300000,19300000,3150000,530000,430000,2650000,2550000,1015000,2015000,1815000,1515000,1415000,5060000,4860000,10150000,8150000,15300000,14800000,1215000,1115000,509000,709000,3030000,2930000,4045000,NA,7060000,2030000,615000,1,3,NA,0.0050,0.4500,20300000,9999-12-31,USD,25300000,3,424480,1.0000,1,0,,0,NA,20300000,
CUST004,INT004,INT004,Epsilon Co,Houston,US,77001,331110,1,A,98-7654321,NYSE,EPS,345678,CF004,CF004,2020-01-15,2025-01-15,7,,11,,20400000,19900000,5,Corporate Banking,0,0,9999-12-31,2,1,4,1,0.045,NA,NA,NA,NA,1,1,NA,NA,NA,NA,ENT004,Epsilon Co Finance,A,2020-12-31,2021-01-15,$20400000,19400000,3200000,540000,440000,2700000,2600000,1020000,2020000,1820000,1520000,1420000,5080000,4880000,10200000,8200000,15400000,14900000,1220000,1120000,512000,712000,3040000,2940000,4060000,NA,7080000,2040000,620000,1,3,NA,0.0050,0.4500,20400000,9999-12-31,USD,25400000,3,331110,1.0000,1,0,,0,NA,20400000,
CUST005,INT005,INT005,Zeta Corp,San Francisco,US,94105,511210,1,B,12-3456789,NASDAQ,ZETA,456789,CF005,CF005,2020-01-15,2025-01-15,7,,11,,20500000,20000000,6,Corporate Banking,0,0,9999-12-31,1,2,5,1,0.045,NA,NA,NA,NA,1,1,NA,NA,NA,NA,ENT005,Zeta Corp Finance,B,2020-12-31,2021-01-15,20500000,19500000,3250000,550000,450000,2750000,2650000,1025000,2025000,1825000,1525000,1425000,5100000,4900000,10250000,8250000,15500000,15000000,1225000,1125000,515000,715000,3050000,2950000,4075000,NA,7100000,2050000,625000,1,3,NA,0.0050,0.4500,20500000,9999-12-31,USD,25500000,3,511210,1.0000,1,0,,0,NA,20500000,
CUST006,INT006,INT006,Acme Corp,New York,US,10001,511110,1,C,98-7654321,NA,ACM,123456,CF006,CF006,2020-01-15,2025-01-15,7,,11,,20600000,20100000,7,Corporate Banking,0,0,9999-12-31,2,3,6,1,0.045,NA,NA,NA,NA,1,1,NA,NA,NA,NA,ENT006,Acme Corp Finance,C,2020-12-31,2021-01-15,20600000,19600000,3300000,560000,460000,2800000,2700000,1030000,2030000,1830000,1530000,1430000,5120000,4920000,10300000,8300000,15600000,15100000,1230000,1130000,518000,718000,3060000,2960000,4090000,NA,7120000,2060000,630000,1,3,NA,0.0050,0.4500,20600000,9999-12-31,USD,25600000,3,511110,1.0000,1,0,,0,NA,20600000,
CUST007,INT007,INT007,Beta LLC,Los Angeles,US,90001,541330,1,A,12-3456789,NYSE,BETA,654321,CF007,CF007,2020-01-15,2025-01-15,7,,11,,20700000,20200000,8,Corporate Banking,0,0,9999-12-31,1,4,0,1,0.045,NA,NA,NA,NA,1,1,NA,NA,NA,NA,ENT007,Beta LLC Finance,A,2020-12-31,2021-01-15,20700000,19700000,3350000,570000,470000,2850000,2750000,1035000,2035000,1835000,1535000,1435000,5140000,4940000,10350000,8350000,15700000,15200000,1235000,1135000,521000,721000,3070000,2970000,4105000,NA,7140000,2070000,635000,1,3,NA,0.0050,0.4500,20700000,9999-12-31,USD,25700000,3,541330,1.0000,1,0,,0,NA,20700000,
CUST008,INT008,INT008,Delta Inc,Chicago,US,60601,424480,1,B,98-7654321,NASDAQ,DELTA,234567,CF008,CF008,2020-01-15,2025-01-15,7,,11,,20800000,20300000,9,Corporate Banking,0,0,9999-12-31,2,1,1,1,0.045,NA,NA,NA,NA,1,1,NA,NA,NA,NA,ENT008,Delta Inc Finance,B,2020-12-31,2021-01-15,$20800000,19800000,3400000,580000,480000,2900000,2800000,1040000,2040000,1840000,1540000,1440000,5160000,4960000,10400000,8400000,15800000,15300000,1240000,1140000,524000,724000,3080000,2980000,4120000,NA,7160000,2080000,640000,1,3,NA,0.0050,0.4500,20800000,9999-12-31,USD,25800000,3,424480,1.0000,1,0,,0,NA,20800000,
CUST009,INT009,INT009,Epsilon Co,Houston,US,77001,331110,1,C,12-3456789,NA,EPS,345678,CF009,CF009,2020-01-15,2025-01-15,7,,11,,20900000,20400000,10,Corporate Banking,0,0,9999-12-31,1,2,2,1,0.045,NA,NA,NA,NA,1,1,NA,NA,NA,NA,ENT009,Epsilon Co Finance,C,2020-12-31,2021-01-15,20900000,19900000,3450000,590000,490000,2950000,2850000,1045000,2045000,1845000,1545000,1445000,5180000,4980000,10450000,8450000,15900000,15400000,1245000,1145000,527000,727000,3090000,2990000,4135000,NA,7180000,2090000,645000,1,3,NA,0.0050,0.4500,20900000,9999-12-31,USD,25900000,3,331110,1.0000,1,0,,0,NA,20900000,
CUST010,INT010,INT010,Zeta Corp,San Francisco,US,94105,511210,1,A,98-7654321,NYSE,ZETA,456789,CF010,CF010,01/15/2020,2025-01-15,7,,11,,21000000,20500000,1,Corporate Banking,0,0,9999-12-31,2,3,3,1,0.045,NA,NA,NA,NA,1,1,NA,NA,NA,NA,ENT010,Zeta Corp Finance,A,2020-12-31,2021-01-15,21000000,20000000,3500000,600000,500000,3000000,2900000,1050000,2050000,1850000,1550000,1450000,5200000,5000000,10500000,8500000,16000000,15500000,1250000,1150000,530000,730000,3100000,3000000,4150000,NA,7200000,2100000,650000,1,3,NA,0.0050,0.4500,21000000,9999-12-31,USD,26000000,3,511210,1.0000,1,0,,0,NA,21000000,
CUST011,INT011,INT011,Acme Corp,New York,US,10001,511110,1,B,12-3456789,NASDAQ,ACM,123456,CF011,CF011,2020-01-15,2025-01-15,7,,11,,21100000,20600000,2,Corporate Banking,0,0,9999-12-31,1,4,4,1,0.045,NA,NA,NA,NA,1,1,NA,NA,NA,NA,ENT011,Acme Corp Finance,B,2020-12-31,2021-01-15,21100000,20100000,3550000,610000,510000,3050000,2950000,1055000,2055000,1855000,1555000,1455000,5220000,5020000,10550000,8550000,16100000,15600000,1255000,1155000,533000,733000,3110000,3010000,4165000,NA,7220000,2110000,655000,1,3,NA,0.0050,0.4500,21100000,9999-12-31,USD,26100000,3,511110,1.0000,1,0,,0,NA,21100000,
CUST012,INT012,INT012,Beta LLC,Los Angeles,US,90001,541330,1,C,98-7654321,NA,BETA,654321,CF012,CF012,2020-01-15,2025-01-15,7,,11,,21200000,20700000,3,Corporate Banking,0,0,9999-12-31,2,1,5,1,0.045,NA,NA,NA,NA,1,1,NA,NA,NA,NA,ENT012,Beta LLC Finance,C,2020-12-31,2021-01-15,$21200000,20200000,3600000,620000,520000,3100000,3000000,1060000,2060000,1860000,1560000,1460000,5240000,5040000,10600000,8600000,16200000,15700000,1260000,1160000,536000,736000,3120000,3020000,4180000,NA,7240000,2120000,660000,1,3,NA,0.0050,0.4500,21200000,9999-12-31,USD,26200000,3,541330,1.0000,1,0,,0,NA,21200000,
CUST013,INT013,INT013,Delta Inc,Chicago,US,60601,424480,1,A,12-3456789,NYSE,DELTA,234567,CF013,CF013,2020-01-15,2025-01-15,7,,11,,21300000,20800000,4,Corporate Banking,0,0,9999-12-31,1,2,6,1,0.045,NA,NA,NA,NA,1,1,NA,NA,NA,NA,ENT013,Delta Inc Finance,A,2020-12-31,2021-01-15,21300000,20300000,3650000,630000,530000,3150000,3050000,1065000,2065000,1865000,1565000,1465000,5260000,5060000,10650000,8650000,16300000,15800000,1265000,1165000,539000,739000,3130000,3030000,4195000,NA,7260000,2130000,665000,1,3,NA,0.0050,0.4500,21300000,9999-12-31,USD,26300000,3,424480,1.0000,1,0,,0,NA,21300000,
CUST014,INT014,INT014,Epsilon Co,Houston,US,77001,331110,1,B,98-7654321,NASDAQ,EPS,345678,CF014,CF014,2020-01-15,2025-01-15,7,,11,,21400000,20900000,5,Corporate Banking,0,0,9999-12-31,2,3,0,1,0.045,NA,NA,NA,NA,1,1,NA,NA,NA,NA,ENT014,Epsilon Co Finance,B,2020-12-31,2021-01-15,21400000,20400000,3700000,640000,540000,3200000,3100000,1070000,2070000,1870000,1570000,1470000,5280000,5080000,10700000,8700000,16400000,15900000,1270000,1170000,542000,742000,3140000,3040000,4210000,NA,7280000,2140000,670000,1,3,NA,0.0050,0.4500,21400000,9999-12-31,USD,26400000,3,331110,1.0000,1,0,,0,NA,21400000,
CUST015,INT015,INT015,"Zeta Corp, Inc",San Francisco,US,94105,511210,1,C,12-3456789,NA,ZETA,456789,CF015,CF015,2020-01-15,2025-01-15,7,,11,,21500000,21000000,6,Corporate Banking,0,0,9999-12-31,1,4,1,1,0.045,NA,NA,NA,NA,1,1,NA,NA,NA,NA,ENT015,Zeta Corp Finance,C,2020-12-31,2021-01-15,21500000,20500000,3750000,650000,550000,3250000,3150000,1075000,2075000,1875000,1575000,1475000,5300000,5100000,10750000,8750000,16500000,16000000,1275000,1175000,545000,745000,3150000,3050000,4225000,NA,7300000,2150000,675000,1,3,NA,0.0050,0.4500,21500000,9999-12-31,USD,26500000,3,511210,1.0000,1,0,,0,NA,21500000,
CUST016,INT016,INT016,Acme Corp,New York,US,10001,511110,1,A,98-7654321,NYSE,ACM,123456,CF016,CF016,2020-01-15,2025-01-15,7,,11,,21600000,21100000,7,Corporate Banking,0,0,9999-12-31,2,1,2,1,0.045,NA,NA,NA,NA,1,1,NA,NA,NA,NA,ENT016,Acme Corp Finance,A,2020-12-31,2021-01-15,$21600000,20600000,3800000,660000,560000,3300000,3200000,1080000,2080000,1880000,1580000,1480000,5320000,5120000,10800000,8800000,16600000,16100000,1280000,1180000,548000,748000,3160000,3060000,4240000,NA,7320000,2160000,680000,1,3,NA,0.0050,0.4500,21600000,9999-12-31,USD,26600000,3,511110,1.0000,1,0,,0,NA,21600000,
CUST017,INT017,INT017,Beta LLC,Los Angeles,US,90001,541330,1,B,12-3456789,NASDAQ,BETA,654321,CF017,CF017,2020-01-15,2025-01-15,7,,11,,21700000,21200000,8,Corporate Banking,0,0,9999-12-31,1,2,3,1,0.045,NA,NA,NA,NA,1,1,NA,NA,NA,NA,ENT017,Beta LLC Finance,B,2020-12-31,2021-01-15,21700000,20700000,3850000,670000,570000,3350000,3250000,1085000,2085000,1885000,1585000,1485000,5340000,5140000,10850000,8850000,16700000,16200000,1285000,1185000,551000,751000,3170000,3070000,4255000,NA,7340000,2170000,685000,1,3,NA,0.0050,0.4500,21700000,9999-12-31,USD,26700000,3,541330,1.0000,1,0,,0,NA,21700000,
CUST018,INT018,INT018,Delta Inc,Chicago,US,60601,424480,1,C,98-7654321,NA,DELTA,234567,CF018,CF018,2020-01-15,2025-01-15,7,,11,,21800000,21300000,9,Corporate Banking,0,0,9999-12-31,2,3,4,1,0.045,NA,NA,NA,NA,1,1,NA,NA,NA,NA,ENT018,Delta Inc Finance,C,2020-12-31,2021-01-15,21800000,20800000,3900000,680000,580000,3400000,3300000,1090000,2090000,1890000,1590000,1490000,5360000,5160000,10900000,8900000,16800000,16300000,1290000,1190000,554000,754000,3180000,3080000,4270000,NA,7360000,2180000,690000,1,3,NA,0.0050,0.4500,21800000,9999-12-31,USD,26800000,3,424480,1.0000,1,0,,0,NA,21800000,
CUST019,INT019,INT019,Epsilon Co,Houston,US,77001,331110,1,A,12-3456789,NYSE,EPS,345678,CF019,CF019,2020-01-15,2025-01-15,7,,11,,21900000,21400000,10,Corporate Banking,0,0,9999-12-31,1,4,5,1,0.045,NA,NA,NA,NA,1,1,NA,NA,NA,NA,ENT019,Epsilon Co Finance,A,2020-12-31,2021-01-15,21900000,20900000,3950000,690000,590000,3450000,3350000,1095000,2095000,1895000,1595000,1495000,5380000,5180000,10950000,8950000,16900000,16400000,1295000,1195000,557000,757000,3190000,3090000,4285000,NA,7380000,2190000,695000,1,3,NA,0.0050,0.4500,21900000,9999-12-31,USD,26900000,3,331110,1.0000,1,0,,0,NA,21900000,
CUST020,INT020,INT020,Zeta Corp ,San Francisco,US,94105,511210,1,B,98-7654321,NASDAQ,ZETA,456789,CF020,CF020,01/15/2020,2025-01-15,7,,11,,22000000,21500000,1,Corporate Banking,0,0,9999-12-31,2,1,6,1,0.045,NA,NA,NA,NA,1,1,NA,NA,NA,NA,ENT020,Zeta Corp Finance,B,2020-12-31,2021-01-15,$22000000,21000000,4000000,700000,600000,3500000,3400000,1100000,2100000,1900000,1600000,1500000,5400000,5200000,11000000,9000000,17000000,16500000,1300000,1200000,560000,760000,3200000,3100000,4300000,NA,7400000,2200000,700000,1,3,NA,0.0050,0.4500,22000000,9999-12-31,USD,27000000,3,511210,1.0000,1,0,,0,NA,22000000,
CUST021,INT021,INT021,Acme Corp,New York,US,10001,511110,1,C,12-3456789,NA,ACM,123456,CF021,CF021,2020-01-15,2025-01-15,7,,11,,22100000,21600000,2,Corporate Banking,0,0,9999-12-31,1,2,0,1,0.045,NA,NA,NA,NA,1,1,NA,NA,NA,NA,ENT021,Acme Corp Finance,C,2020-12-31,2021-01-15,22100000,21100000,4050000,710000,610000,3550000,3450000,1105000,2105000,1905000,1605000,1505000,5420000,5220000,11050000,9050000,17100000,16600000,1305000,1205000,563000,763000,3210000,3110000,4315000,NA,7420000,2210000,705000,1,3,NA,0.0050,0.4500,22100000,9999-12-31,USD,27100000,3,511110,1.0000,1,0,,0,NA,22100000,
CUST022,INT022,INT022,Beta LLC,Los Angeles,US,90001,541330,1,A,98-7654321,NYSE,BETA,654321,CF022,CF022,2020-01-15,2025-01-15,7,,11,,22200000,21700000,3,Corporate Banking,0,0,9999-12-31,2,3,1,1,0.045,NA,NA,NA,NA,1,1,NA,NA,NA,NA,ENT022,Beta LLC Finance,A,2020-12-31,2021-01-15,22200000,21200000,4100000,720000,620000,3600000,3500000,1110000,2110000,1910000,1610000,1510000,5440000,5240000,11100000,9100000,17200000,16700000,1310000,1210000,566000,766000,3220000,3120000,4330000,NA,7440000,2220000,710000,1,3,NA,0.0050,0.4500,22200000,9999-12-31,USD,27200000,3,541330,1.0000,1,0,,0,NA,22200000,
CUST023,INT023,INT023,Delta Inc,Chicago,US,60601,424480,1,B,12-3456789,NASDAQ,DELTA,234567,CF023,CF023,2020-01-15,2025-01-15,7,,11,,22300000,21800000,4,Corporate Banking,0,0,9999-12-31,1,4,2,1,0.045,NA,NA,NA,NA,1,1,NA,NA,NA,NA,ENT023,Delta Inc Finance,B,2020-12-31,2021-01-15,22300000,21300000,4150000,730000,630000,3650000,3550000,1115000,2115000,1915000,1615000,1515000,5460000,5260000,11150000,9150000,17300000,16800000,1315000,1215000,569000,769000,3230000,3130000,4345000,NA,7460000,2230000,715000,1,3,NA,0.0050,0.4500,22300000,9999-12-31,USD,27300000,3,424480,1.0000,1,0,,0,NA,22300000,
CUST024,INT024,INT024,Epsilon Co,Houston,US,77001,331110,1,C,98-7654321,NA,EPS,345678,CF024,CF024,2020-01-15,2025-01-15,7,,11,,22400000,21900000,5,Corporate Banking,0,0,9999-12-31,2,1,3,1,0.045,NA,NA,NA,NA,1,1,NA,NA,NA,NA,ENT024,Epsilon Co Finance,C,2020-12-31,2021-01-15,$22400000,21400000,4200000,740000,640000,3700000,3600000,1120000,2120000,1920000,1620000,1520000,5480000,5280000,11200000,9200000,17400000,16900000,1320000,1220000,572000,772000,3240000,3140000,4360000,NA,7480000,2240000,720000,1,3,NA,0.0050,0.4500,22400000,9999-12-31,USD,27400000,3,331110,1.0000,1,0,,0,NA,22400000,
CUST025,INT025,INT025,Zeta Corp,San Francisco,US,94105,511210,1,A,12-3456789,NYSE,ZETA,456789,CF025,CF025,2020-01-15,2025-01-15,7,,11,,22500000,22000000,6,Corporate Banking,0,0,9999-12-31,1,2,4,1,0.045,NA,NA,NA,NA,1,2,G025,Guarantor Zeta Corp,12-3456789,B,ENT025,Zeta Corp Finance,A,2020-12-31,2021-01-15,22500000,21500000,4250000,750000,650000,3750000,3650000,1125000,2125000,1925000,1625000,1525000,5500000,5300000,11250000,9250000,17500000,17000000,1325000,1225000,575000,775000,3250000,3150000,4375000,NA,7500000,2250000,725000,1,3,NA,0.0050,0.4500,22500000,9999-12-31,USD,27500000,3,511210,1.0000,1,0,,0,NA,22500000,
CUST026,INT026,INT026,Acme Corp,New York,US,10001,511110,1,B,98-7654321,NASDAQ,ACM,123456,CF026,CF026,2020-01-15,2025-01-15,7,,11,,22600000,22100000,7,Corporate Banking,0,0,9999-12-31,2,3,5,1,0.045,NA,NA,NA,NA,1,1,NA,NA,NA,NA,ENT026,Acme Corp Finance,B,2020-12-31,2021-01-15,22600000,21600000,4300000,760000,660000,3800000,3700000,1130000,2130000,1930000,1630000,1530000,5520000,5320000,11300000,9300000,17600000,17100000,1330000,1230000,578000,778000,3260000,3160000,4390000,NA,7520000,2260000,730000,1,3,NA,0.0050,0.4500,22600000,9999-12-31,USD,27600000,3,511110,1.0000,1,0,,0,NA,22600000,
CUST027,INT027,INT027,Beta LLC,Los Angeles,US,90001,541330,1,C,12-3456789,NA,BETA,654321,CF027,CF027,2020-01-15,2025-01-15,7,,11,,22700000,22200000,8,Corporate Banking,0,0,9999-12-31,1,4,6,1,0.045,NA,NA,NA,NA,1,1,NA,NA,NA,NA,ENT027,Beta LLC Finance,C,2020-12-31,2021-01-15,22700000,21700000,4350000,770000,670000,3850000,3750000,1135000,2135000,1935000,1635000,1535000,5540000,5340000,11350000,9350000,17700000,17200000,1335000,1235000,581000,781000,3270000,3170000,4405000,NA,7540000,2270000,735000,1,3,NA,0.0050,0.4500,22700000,9999-12-31,USD,27700000,3,541330,1.0000,1,0,,0,NA,22700000,
CUST028,INT028,INT028,Delta Inc,Chicago,US,60601,424480,1,A,98-7654321,NYSE,DELTA,234567,CF028,CF028,2020-01-15,2025-01-15,7,,11,,22800000,22300000,9,Corporate Banking,0,0,9999-12-31,2,1,0,1,0.045,NA,NA,NA,NA,1,1,NA,NA,NA,NA,ENT028,Delta Inc Finance,A,2020-12-31,2021-01-15,$22800000,21800000,4400000,780000,680000,3900000,3800000,1140000,2140000,1940000,1640000,1540000,5560000,5360000,11400000,9400000,17800000,17300000,1340000,1240000,584000,784000,3280000,3180000,4420000,NA,7560000,2280000,740000,1,3,NA,0.0050,0.4500,22800000,9999-12-31,USD,27800000,3,424480,1.0000,1,0,,0,NA,22800000,
CUST029,INT029,INT029,Epsilon Co,Houston,US,77001,331110,1,B,12-3456789,NASDAQ,EPS,345678,CF029,CF029,2020-01-15,2025-01-15,7,,11,,22900000,22400000,10,Corporate Banking,0,0,9999-12-31,1,2,1,1,0.045,NA,NA,NA,NA,1,1,NA,NA,NA,NA,ENT029,Epsilon Co Finance,B,2020-12-31,2021-01-15,22900000,21900000,4450000,790000,690000,3950000,3850000,1145000,2145000,1945000,1645000,1545000,5580000,5380000,11450000,9450000,17900000,17400000,1345000,1245000,587000,787000,3290000,3190000,4435000,NA,7580000,2290000,745000,1,3,NA,0.0050,0.4500,22900000,9999-12-31,USD,27900000,3,331110,1.0000,1,0,,0,NA,22900000,
CUST030,INT030,INT030,"Zeta Corp, Inc",San Francisco,US,94105,511210,1,C,98-7654321,NA,ZETA,456789,CF030,CF030,01/15/2020,2025-01-15,7,,11,,23000000,22500000,1,Corporate Banking,0,0,9999-12-31,2,3,2,1,0.045,NA,NA,NA,NA,1,1,NA,NA,NA,NA,ENT030,Zeta Corp Finance,C,2020-12-31,2021-01-15,23000000,22000000,4500000,800000,700000,4000000,3900000,1150000,2150000,1950000,1650000,1550000,5600000,5400000,11500000,9500000,18000000,17500000,1350000,1250000,590000,790000,3300000,3200000,4450000,NA,7600000,2300000,750000,1,3,NA,0.0050,0.4500,23000000,9999-12-31,USD,28000000,3,511210,1.0000,1,0,,0,NA,23000000,
CUST031,INT031,INT031,Acme Corp,New York,US,10001,511110,1,A,12-3456789,NYSE,ACM,123456,CF031,CF031,2020-01-15,2025-01-15,7,,11,,23100000,22600000,2,Corporate Banking,0,0,9999-12-31,1,4,3,1,0.045,NA,NA,NA,NA,1,1,NA,NA,NA,NA,ENT031,Acme Corp Finance,A,2020-12-31,2021-01-15,23100000,22100000,4550000,810000,710000,4050000,3950000,1155000,2155000,1955000,1655000,1555000,5620000,5420000,11550000,9550000,18100000,17600000,1355000,1255000,593000,793000,3310000,3210000,4465000,NA,7620000,2310000,755000,1,3,NA,0.0050,0.4500,23100000,9999-12-31,USD,28100000,3,511110,1.0000,1,0,,0,NA,23100000,
CUST032,INT032,INT032,Beta LLC,Los Angeles,US,90001,541330,1,B,98-7654321,NASDAQ,BETA,654321,CF032,CF032,2020-01-15,2025-01-15,7,,11,,23200000,22700000,3,Corporate Banking,0,0,9999-12-31,2,1,4,1,0.045,NA,NA,NA,NA,1,1,NA,NA,NA,NA,ENT032,Beta LLC Finance,B,2020-12-31,2021-01-15,$23200000,22200000,4600000,820000,720000,4100000,4000000,1160000,2160000,1960000,1660000,1560000,5640000,5440000,11600000,9600000,18200000,17700000,1360000,1260000,596000,796000,3320000,3220000,4480000,NA,7640000,2320000,760000,1,3,NA,0.0050,0.4500,23200000,9999-12-31,USD,28200000,3,541330,1.0000,1,0,,0,NA,23200000,
CUST033,INT033,INT033,Delta Inc,Chicago,US,60601,424480,1,C,12-3456789,NA,DELTA,234567,CF033,CF033,2020-01-15,2025-01-15,7,,11,,23300000,22800000,4,Corporate Banking,0,0,9999-12-31,1,2,5,1,0.045,NA,NA,NA,NA,1,1,NA,NA,NA,NA,ENT033,Delta Inc Finance,C,2020-12-31,2021-01-15,23300000,22300000,4650000,830000,730000,4150000,4050000,1165000,2165000,1965000,1665000,1565000,5660000,5460000,11650000,9650000,18300000,17800000,1365000,1265000,599000,799000,3330000,3230000,4495000,NA,7660000,2330000,765000,1,3,NA,0.0050,0.4500,23300000,9999-12-31,USD,28300000,3,424480,1.0000,1,0,,0,NA,23300000,
CUST034,INT034,INT034,Epsilon Co,Houston,US,77001,331110,1,A,98-7654321,NYSE,EPS,345678,CF034,CF034,2020-01-15,2025-01-15,7,,11,,23400000,22900000,5,Corporate Banking,0,0,9999-12-31,2,3,6,1,0.045,NA,NA,NA,NA,1,1,NA,NA,NA,NA,ENT034,Epsilon Co Finance,A,2020-12-31,2021-01-15,23400000,22400000,4700000,840000,740000,4200000,4100000,1170000,2170000,1970000,1670000,1570000,5680000,5480000,11700000,9700000,18400000,17900000,1370000,1270000,602000,802000,3340000,3240000,4510000,NA,7680000,2340000,770000,1,3,NA,0.0050,0.4500,23400000,9999-12-31,USD,28400000,3,331110,1.0000,1,0,,0,NA,23400000,
CUST035,INT035,INT035,Zeta Corp,San Francisco,US,94105,511210,1,B,12-3456789,NASDAQ,ZETA,456789,CF035,CF035,2020-01-15,2025-01-15,7,,11,,23500000,23000000,6,Corporate Banking,0,0,9999-12-31,1,4,0,1,0.045,NA,NA,NA,NA,1,1,NA,NA,NA,NA,ENT035,Zeta Corp Finance,B,2020-12-31,2021-01-15,23500000,22500000,4750000,850000,750000,4250000,4150000,1175000,2175000,1975000,1675000,1575000,5700000,5500000,11750000,9750000,18500000,18000000,1375000,1275000,605000,805000,3350000,3250000,4525000,NA,7700000,2350000,775000,1,3,NA,0.0050,0.4500,23500000,9999-12-31,USD,28500000,3,511210,1.0000,1,0,,0,NA,23500000,
CUST036,INT036,INT036,Acme Corp,New York,US,10001,511110,1,C,98-7654321,NA,ACM,123456,CF036,CF036,2020-01-15,2025-01-15,7,,11,,23600000,23100000,7,Corporate Banking,0,0,9999-12-31,2,1,1,1,0.045,NA,NA,NA,NA,1,1,NA,NA,NA,NA,ENT036,Acme Corp Finance,C,2020-12-31,2021-01-15,$23600000,22600000,4800000,860000,760000,4300000,4200000,1180000,2180000,1980000,1680000,1580000,5720000,5520000,11800000,9800000,18600000,18100000,1380000,1280000,608000,808000,3360000,3260000,4540000,NA,7720000,2360000,780000,1,3,NA,0.0050,0.4500,23600000,9999-12-31,USD,28600000,3,511110,1.0000,1,0,,0,NA,23600000,
CUST037,INT037,INT037,Beta LLC,Los Angeles,US,90001,541330,1,A,12-3456789,NYSE,BETA,654321,CF037,CF037,2020-01-15,2025-01-15,7,,11,,23700000,23200000,8,Corporate Banking,0,0,9999-12-31,1,2,2,1,0.045,NA,NA,NA,NA,1,1,NA,NA,NA,NA,ENT037,Beta LLC Finance,A,2020-12-31,2021-01-15,23700000,22700000,4850000,870000,770000,4350000,4250000,1185000,2185000,1985000,1685000,1585000,5740000,5540000,11850000,9850000,18700000,18200000,1385000,1285000,611000,811000,3370000,3270000,4555000,NA,7740000,2370000,785000,1,3,NA,0.0050,0.4500,23700000,9999-12-31,USD,28700000,3,541330,1.0000,1,0,,0,NA,23700000,
CUST038,INT038,INT038,Delta Inc,Chicago,US,60601,424480,1,B,98-7654321,NASDAQ,DELTA,234567,CF038,CF038,2020-01-15,2025-01-15,7,,11,,23800000,23300000,9,Corporate Banking,0,0,9999-12-31,2,3,3,1,0.045,NA,NA,NA,NA,1,1,NA,NA,NA,NA,ENT038,Delta Inc Finance,B,2020-12-31,2021-01-15,23800000,22800000,4900000,880000,780000,4400000,4300000,1190000,2190000,1990000,1690000,1590000,5760000,5560000,11900000,9900000,18800000,18300000,1390000,1290000,614000,814000,3380000,3280000,4570000,NA,7760000,2380000,790000,1,3,NA,0.0050,0.4500,23800000,9999-12-31,USD,28800000,3,424480,1.0000,1,0,,0,NA,23800000,
CUST039,INT039,INT039,Epsilon Co,Houston,US,77001,331110,1,C,12-3456789,NA,EPS,345678,CF039,CF039,2020-01-15,2025-01-15,7,,11,,23900000,23400000,10,Corporate Banking,0,0,9999-12-31,1,4,4,1,0.045,NA,NA,NA,NA,1,1,NA,NA,NA,NA,ENT039,Epsilon Co Finance,C,2020-12-31,2021-01-15,23900000,22900000,4950000,890000,790000,4450000,4350000,1195000,2195000,1995000,1695000,1595000,5780000,5580000,11950000,9950000,18900000,18400000,1395000,1295000,617000,817000,3390000,3290000,4585000,NA,7780000,2390000,795000,1,3,NA,0.0050,0.4500,23900000,9999-12-31,USD,28900000,3,331110,1.0000,1,0,,0,NA,23900000,
CUST040,INT040,INT040,Zeta Corp ,San Francisco,US,94105,511210,1,A,98-7654321,NYSE,ZETA,456789,CF040,CF040,01/15/2020,2025-01-15,7,,11,,24000000,23500000,1,Corporate Banking,0,0,9999-12-31,2,1,5,1,0.045,NA,NA,NA,NA,1,1,NA,NA,NA,NA,ENT040,Zeta Corp Finance,A,2020-12-31,2021-01-15,$24000000,23000000,5000000,900000,800000,4500000,4400000,1200000,2200000,2000000,1700000,1600000,5800000,5600000,12000000,10000000,19000000,18500000,1400000,1300000,620000,820000,3400000,3300000,4600000,NA,7800000,2400000,800000,1,3,NA,0.0050,0.4500,24000000,9999-12-31,USD,29000000,3,511210,1.0000,1,0,,0,NA,24000000,
CUST041,INT041,INT041,Acme Corp,New York,US,10001,511110,1,B,12-3456789,NASDAQ,ACM,123456,CF041,CF041,2020-01-15,2025-01-15,7,,11,,24100000,23600000,2,Corporate Banking,0,0,9999-12-31,1,2,6,1,0.045,NA,NA,NA,NA,1,1,NA,NA,NA,NA,ENT041,Acme Corp Finance,B,2020-12-31,2021-01-15,24100000,23100000,5050000,910000,810000,4550000,4450000,1205000,2205000,2005000,1705000,1605000,5820000,5620000,12050000,10050000,19100000,18600000,1405000,1305000,623000,823000,3410000,3310000,4615000,NA,7820000,2410000,805000,1,3,NA,0.0050,0.4500,24100000,9999-12-31,USD,29100000,3,511110,1.0000,1,0,,0,NA,24100000,
CUST042,INT042,INT042,Beta LLC,Los Angeles,US,90001,541330,1,C,98-7654321,NA,BETA,654321,CF042,CF042,2020-01-15,2025-01-15,7,,11,,24200000,23700000,3,Corporate Banking,0,0,9999-12-31,2,3,0,1,0.045,NA,NA,NA,NA,1,1,NA,NA,NA,NA,ENT042,Beta LLC Finance,C,2020-12-31,2021-01-15,24200000,23200000,5100000,920000,820000,4600000,4500000,1210000,2210000,2010000,1710000,1610000,5840000,5640000,12100000,10100000,19200000,18700000,1410000,1310000,626000,826000,3420000,3320000,4630000,NA,7840000,2420000,810000,1,3,NA,0.0050,0.4500,24200000,9999-12-31,USD,29200000,3,541330,1.0000,1,0,,0,NA,24200000,
CUST043,INT043,INT043,Delta Inc,Chicago,US,60601,424480,1,A,12-3456789,NYSE,DELTA,234567,CF043,CF043,2020-01-15,2025-01-15,7,,11,,24300000,23800000,4,Corporate Banking,0,0,9999-12-31,1,4,1,1,0.045,NA,NA,NA,NA,1,1,NA,NA,NA,NA,ENT043,Delta Inc Finance,A,2020-12-31,2021-01-15,24300000,23300000,5150000,930000,830000,4650000,4550000,1215000,2215000,2015000,1715000,1615000,5860000,5660000,12150000,10150000,19300000,18800000,1415000,1315000,629000,829000,3430000,3330000,4645000,NA,7860000,2430000,815000,1,3,NA,0.0050,0.4500,24300000,9999-12-31,USD,29300000,3,424480,1.0000,1,0,,0,NA,24300000,
CUST044,INT044,INT044,Epsilon Co,Houston,US,77001,331110,1,B,98-7654321,NASDAQ,EPS,345678,CF044,CF044,2020-01-15,2025-01-15,7,,11,,24400000,23900000,5,Corporate Banking,0,0,9999-12-31,2,1,2,1,0.045,NA,NA,NA,NA,1,1,NA,NA,NA,NA,ENT044,Epsilon Co Finance,B,2020-12-31,2021-01-15,$24400000,23400000,5200000,940000,840000,4700000,4600000,1220000,2220000,2020000,1720000,1620000,5880000,5680000,12200000,10200000,19400000,18900000,1420000,1320000,632000,832000,3440000,3340000,4660000,NA,7880000,2440000,820000,1,3,NA,0.0050,0.4500,24400000,9999-12-31,USD,29400000,3,331110,1.0000,1,0,,0,NA,24400000,
CUST045,INT045,INT045,"Zeta Corp, Inc",San Francisco,US,94105,511210,1,C,12-3456789,NA,ZETA,456789,CF045,CF045,2020-01-15,2025-01-15,7,,11,,24500000,24000000,6,Corporate Banking,0,0,9999-12-31,1,2,3,1,0.045,NA,NA,NA,NA,1,1,NA,NA,NA,NA,ENT045,Zeta Corp Finance,C,2020-12-31,2021-01-15,24500000,23500000,5250000,950000,850000,4750000,4650000,1225000,2225000,2025000,1725000,1625000,5900000,5700000,12250000,10250000,19500000,19000000,1425000,1325000,635000,835000,3450000,3350000,4675000,NA,7900000,2450000,825000,1,3,NA,0.0050,0.4500,24500000,9999-12-31,USD,29500000,3,511210,1.0000,1,0,,0,NA,24500000,
CUST046,INT046,INT046,Acme Corp,New York,US,10001,511110,1,A,98-7654321,NYSE,ACM,123456,CF046,CF046,2020-01-15,2025-01-15,7,,11,,24600000,24100000,7,Corporate Banking,0,0,9999-12-31,2,3,4,1,0.045,NA,NA,NA,NA,1,1,NA,NA,NA,NA,ENT046,Acme Corp Finance,A,2020-12-31,2021-01-15,24600000,23600000,5300000,960000,860000,4800000,4700000,1230000,2230000,2030000,1730000,1630000,5920000,5720000,12300000,10300000,19600000,19100000,1430000,1330000,638000,838000,3460000,3360000,4690000,NA,7920000,2460000,830000,1,3,NA,0.0050,0.4500,24600000,9999-12-31,USD,29600000,3,511110,1.0000,1,0,,0,NA,24600000,
CUST047,INT047,INT047,Beta LLC,Los Angeles,US,90001,541330,1,B,12-3456789,NASDAQ,BETA,654321,CF047,CF047,2020-01-15,2025-01-15,7,,11,,24700000,24200000,8,Corporate Banking,0,0,9999-12-31,1,4,5,1,0.045,NA,NA,NA,NA,1,1,NA,NA,NA,NA,ENT047,Beta LLC Finance,B,2020-12-31,2021-01-15,24700000,23700000,5350000,970000,870000,4850000,4750000,1235000,2235000,2035000,1735000,1635000,5940000,5740000,12350000,10350000,19700000,19200000,1435000,1335000,641000,841000,3470000,3370000,4705000,NA,7940000,2470000,835000,1,3,NA,0.0050,0.4500,24700000,9999-12-31,USD,29700000,3,541330,1.0000,1,0,,0,NA,24700000,
CUST048,INT048,INT048,Delta Inc,Chicago,US,60601,424480,1,C,98-7654321,NA,DELTA,234567,CF048,CF048,2020-01-15,2025-01-15,7,,11,,24800000,24300000,9,Corporate Banking,0,0,9999-12-31,2,1,6,1,0.045,NA,NA,NA,NA,1,1,NA,NA,NA,NA,ENT048,Delta Inc Finance,C,2020-12-31,2021-01-15,$24800000,23800000,5400000,980000,880000,4900000,4800000,1240000,2240000,2040000,1740000,1640000,5960000,5760000,12400000,10400000,19800000,19300000,1440000,1340000,644000,844000,3480000,3380000,4720000,NA,7960000,2480000,840000,1,3,NA,0.0050,0.4500,24800000,9999-12-31,USD,29800000,3,424480,1.0000,1,0,,0,NA,24800000,
CUST049,INT049,INT049,Epsilon Co,Houston,US,77001,331110,1,A,12-3456789,NYSE,EPS,345678,CF049,CF049,2020-01-15,2025-01-15,7,,11,,24900000,24400000,10,Corporate Banking,0,0,9999-12-31,1,2,0,1,0.045,NA,NA,NA,NA,1,1,NA,NA,NA,NA,ENT049,Epsilon Co Finance,A,2020-12-31,2021-01-15,24900000,23900000,5450000,990000,890000,4950000,4850000,1245000,2245000,2045000,1745000,1645000,5980000,5780000,12450000,10450000,19900000,19400000,1445000,1345000,647000,847000,3490000,3390000,4735000,NA,7980000,2490000,845000,1,3,NA,0.0050,0.4500,24900000,9999-12-31,USD,29900000,3,331110,1.0000,1,0,,0,NA,24900000,
CUST050,INT050,INT050,Zeta Corp,San Francisco,US,94105,511210,1,B,98-7654321,NASDAQ,ZETA,456789,CF050,CF050,01/15/2020,2025-01-15,7,,11,,25000000,24500000,1,Corporate Banking,0,0,9999-12-31,2,3,1,1,0.045,NA,NA,NA,NA,1,2,G050,Guarantor Zeta Corp,12-3456789,B,ENT050,Zeta Corp Finance,B,2020-12-31,2021-01-15,25000000,24000000,5500000,1000000,900000,5000000,4900000,1250000,2250000,2050000,1750000,1650000,6000000,5800000,12500000,10500000,20000000,19500000,1450000,1350000,650000,850000,3500000,3400000,4750000,NA,8000000,2500000,850000,1,3,NA,0.0050,0.4500,25000000,9999-12-31,USD,30000000,3,511210,1.0000,1,0,,0,NA,25000000,
CUST051,INT051,INT051,Acme Corp,New York,US,10001,511110,1,C,12-3456789,NA,ACM,123456,CF051,CF051,2020-01-15,2025-01-15,7,,11,,25100000,24600000,2,Corporate Banking,0,0,9999-12-31,1,4,2,1,0.045,NA,NA,NA,NA,1,1,NA,NA,NA,NA,ENT051,Acme Corp Finance,C,2020-12-31,2021-01-15,25100000,24100000,5550000,1010000,910000,5050000,4950000,1255000,2255000,2055000,1755000,1655000,6020000,5820000,12550000,10550000,20100000,19600000,1455000,1355000,653000,853000,3510000,3410000,4765000,NA,8020000,2510000,855000,1,3,NA,0.0050,0.4500,25100000,9999-12-31,USD,30100000,3,511110,1.0000,1,0,,0,NA,25100000,
CUST052,INT052,INT052,Beta LLC,Los Angeles,US,90001,541330,1,A,98-7654321,NYSE,BETA,654321,CF052,CF052,2020-01-15,2025-01-15,7,,11,,25200000,24700000,3,Corporate Banking,0,0,9999-12-31,2,1,3,1,0.045,NA,NA,NA,NA,1,1,NA,NA,NA,NA,ENT052,Beta LLC Finance,A,2020-12-31,2021-01-15,$25200000,24200000,5600000,1020000,920000,5100000,5000000,1260000,2260000,2060000,1760000,1660000,6040000,5840000,12600000,10600000,20200000,19700000,1460000,1360000,656000,856000,3520000,3420000,4780000,NA,8040000,2520000,860000,1,3,NA,0.0050,0.4500,25200000,9999-12-31,USD,30200000,3,541330,1.0000,1,0,,0,NA,25200000,
CUST053,INT053,INT053,Delta Inc,Chicago,US,60601,424480,1,B,12-3456789,NASDAQ,DELTA,234567,CF053,CF053,2020-01-15,2025-01-15,7,,11,,25300000,24800000,4,Corporate Banking,0,0,9999-12-31,1,2,4,1,0.045,NA,NA,NA,NA,1,1,NA,NA,NA,NA,ENT053,Delta Inc Finance,B,2020-12-31,2021-01-15,25300000,24300000,5650000,1030000,930000,5150000,5050000,1265000,2265000,2065000,1765000,1665000,6060000,5860000,12650000,10650000,20300000,19800000,1465000,1365000,659000,859000,3530000,3430000,4795000,NA,8060000,2530000,865000,1,3,NA,0.0050,0.4500,25300000,9999-12-31,USD,30300000,3,424480,1.0000,1,0,,0,NA,25300000,
CUST054,INT054,INT054,Epsilon Co,Houston,US,77001,331110,1,C,98-7654321,NA,EPS,345678,CF054,CF054,2020-01-15,2025-01-15,7,,11,,25400000,24900000,5,Corporate Banking,0,0,9999-12-31,2,3,5,1,0.045,NA,NA,NA,NA,1,1,NA,NA,NA,NA,ENT054,Epsilon Co Finance,C,2020-12-31,2021-01-15,25400000,24400000,5700000,1040000,940000,5200000,5100000,1270000,2270000,2070000,1770000,1670000,6080000,5880000,12700000,10700000,20400000,19900000,1470000,1370000,662000,862000,3540000,3440000,4810000,NA,8080000,2540000,870000,1,3,NA,0.0050,0.4500,25400000,9999-12-31,USD,30400000,3,331110,1.0000,1,0,,0,NA,25400000,
CUST055,INT055,INT055,Zeta Corp,San Francisco,US,94105,511210,1,A,12-3456789,NYSE,ZETA,456789,CF055,CF055,2020-01-15,2025-01-15,7,,11,,25500000,25000000,6,Corporate Banking,0,0,9999-12-31,1,4,6,1,0.045,NA,NA,NA,NA,1,1,NA,NA,NA,NA,ENT055,Zeta Corp Finance,A,2020-12-31,2021-01-15,25500000,24500000,5750000,1050000,950000,5250000,5150000,1275000,2275000,2075000,1775000,1675000,6100000,5900000,12750000,10750000,20500000,20000000,1475000,1375000,665000,865000,3550000,3450000,4825000,NA,8100000,2550000,875000,1,3,NA,0.0050,0.4500,25500000,9999-12-31,USD,30500000,3,511210,1.0000,1,0,,0,NA,25500000,
CUST056,INT056,INT056,Acme Corp,New York,US,10001,511110,1,B,98-7654321,NASDAQ,ACM,123456,CF056,CF056,2020-01-15,2025-01-15,7,,11,,25600000,25100000,7,Corporate Banking,0,0,9999-12-31,2,1,0,1,0.045,NA,NA,NA,NA,1,1,NA,NA,NA,NA,ENT056,Acme Corp Finance,B,2020-12-31,2021-01-15,$25600000,24600000,5800000,1060000,960000,5300000,5200000,1280000,2280000,2080000,1780000,1680000,6120000,5920000,12800000,10800000,20600000,20100000,1480000,1380000,668000,868000,3560000,3460000,4840000,NA,8120000,2560000,880000,1,3,NA,0.0050,0.4500,25600000,9999-12-31,USD,30600000,3,511110,1.0000,1,0,,0,NA,25600000,
CUST057,INT057,INT057,Beta LLC,Los Angeles,US,90001,541330,1,C,12-3456789,NA,BETA,654321,CF057,CF057,2020-01-15,2025-01-15,7,,11,,25700000,25200000,8,Corporate Banking,0,0,9999-12-31,1,2,1,1,0.045,NA,NA,NA,NA,1,1,NA,NA,NA,NA,ENT057,Beta LLC Finance,C,2020-12-31,2021-01-15,25700000,24700000,5850000,1070000,970000,5350000,5250000,1285000,2285000,2085000,1785000,1685000,6140000,5940000,12850000,10850000,20700000,20200000,1485000,1385000,671000,871000,3570000,3470000,4855000,NA,8140000,2570000,885000,1,3,NA,0.0050,0.4500,25700000,9999-12-31,USD,30700000,3,541330,1.0000,1,0,,0,NA,25700000,
CUST058,INT058,INT058,Delta Inc,Chicago,US,60601,424480,1,A,98-7654321,NYSE,DELTA,234567,CF058,CF058,2020-01-15,2025-01-15,7,,11,,25800000,25300000,9,Corporate Banking,0,0,9999-12-31,2,3,2,1,0.045,NA,NA,NA,NA,1,1,NA,NA,NA,NA,ENT058,Delta Inc Finance,A,2020-12-31,2021-01-15,25800000,24800000,5900000,1080000,980000,5400000,5300000,1290000,2290000,2090000,1790000,1690000,6160000,5960000,12900000,10900000,20800000,20300000,1490000,1390000,674000,874000,3580000,3480000,4870000,NA,8160000,2580000,890000,1,3,NA,0.0050,0.4500,25800000,9999-12-31,USD,30800000,3,424480,1.0000,1,0,,0,NA,25800000,
CUST059,INT059,INT059,Epsilon Co,Houston,US,77001,331110,1,B,12-3456789,NASDAQ,EPS,345678,CF059,CF059,2020-01-15,2025-01-15,7,,11,,25900000,25400000,10,Corporate Banking,0,0,9999-12-31,1,4,3,1,0.045,NA,NA,NA,NA,1,1,NA,NA,NA,NA,ENT059,Epsilon Co Finance,B,2020-12-31,2021-01-15,25900000,24900000,5950000,1090000,990000,5450000,5350000,1295000,2295000,2095000,1795000,1695000,6180000,5980000,12950000,10950000,20900000,20400000,1495000,1395000,677000,877000,3590000,3490000,4885000,NA,8180000,2590000,895000,1,3,NA,0.0050,0.4500,25900000,9999-12-31,USD,30900000,3,331110,1.0000,1,0,,0,NA,25900000,
CUST060,INT060,INT060,"Zeta Corp, Inc ",San Francisco,US,94105,511210,1,C,98-7654321,NA,ZETA,456789,CF060,CF060,01/15/2020,2025-01-15,7,,11,,26000000,25500000,1,Corporate Banking,0,0,9999-12-31,2,1,4,1,0.045,NA,NA,NA,NA,1,1,NA,NA,NA,NA,ENT060,Zeta Corp Finance,C,2020-12-31,2021-01-15,$26000000,25000000,6000000,1100000,1000000,5500000,5400000,1300000,2300000,2100000,1800000,1700000,6200000,6000000,13000000,11000000,21000000,20500000,1500000,1400000,680000,880000,3600000,3500000,4900000,NA,8200000,2600000,900000,1,3,NA,0.0050,0.4500,26000000,9999-12-31,USD,31000000,3,511210,1.0000,1,0,,0,NA,26000000,
CUST061,INT061,INT061,Acme Corp,New York,US,10001,511110,1,A,12-3456789,NYSE,ACM,123456,CF061,CF061,2020-01-15,2025-01-15,7,,11,,26100000,25600000,2,Corporate Banking,0,0,9999-12-31,1,2,5,1,0.045,NA,NA,NA,NA,1,1,NA,NA,NA,NA,ENT061,Acme Corp Finance,A,2020-12-31,2021-01-15,26100000,25100000,6050000,1110000,1010000,5550000,5450000,1305000,2305000,2105000,1805000,1705000,6220000,6020000,13050000,11050000,21100000,20600000,1505000,1405000,683000,883000,3610000,3510000,4915000,NA,8220000,2610000,905000,1,3,NA,0.0050,0.4500,26100000,9999-12-31,USD,31100000,3,511110,1.0000,1,0,,0,NA,26100000,
CUST062,INT062,INT062,Beta LLC,Los Angeles,US,90001,541330,1,B,98-7654321,NASDAQ,BETA,654321,CF062,CF062,2020-01-15,2025-01-15,7,,11,,26200000,25700000,3,Corporate Banking,0,0,9999-12-31,2,3,6,1,0.045,NA,NA,NA,NA,1,1,NA,NA,NA,NA,ENT062,Beta LLC Finance,B,2020-12-31,2021-01-15,26200000,25200000,6100000,1120000,1020000,5600000,5500000,1310000,2310000,2110000,1810000,1710000,6240000,6040000,13100000,11100000,21200000,20700000,1510000,1410000,686000,886000,3620000,3520000,4930000,NA,8240000,2620000,910000,1,3,NA,0.0050,0.4500,26200000,9999-12-31,USD,31200000,3,541330,1.0000,1,0,,0,NA,26200000,
CUST063,INT063,INT063,Delta Inc,Chicago,US,60601,424480,1,C,12-3456789,NA,DELTA,234567,CF063,CF063,2020-01-15,2025-01-15,7,,11,,26300000,25800000,4,Corporate Banking,0,0,9999-12-31,1,4,0,1,0.045,NA,NA,NA,NA,1,1,NA,NA,NA,NA,ENT063,Delta Inc Finance,C,2020-12-31,2021-01-15,26300000,25300000,6150000,1130000,1030000,5650000,5550000,1315000,2315000,2115000,1815000,1715000,6260000,6060000,13150000,11150000,21300000,20800000,1515000,1415000,689000,889000,3630000,3530000,4945000,NA,8260000,2630000,915000,1,3,NA,0.0050,0.4500,26300000,9999-12-31,USD,31300000,3,424480,1.0000,1,0,,0,NA,26300000,
CUST064,INT064,INT064,Epsilon Co,Houston,US,77001,331110,1,A,98-7654321,NYSE,EPS,345678,CF064,CF064,2020-01-15,2025-01-15,7,,11,,26400000,25900000,5,Corporate Banking,0,0,9999-12-31,2,1,1,1,0.045,NA,NA,NA,NA,1,1,NA,NA,NA,NA,ENT064,Epsilon Co Finance,A,2020-12-31,2021-01-15,$26400000,25400000,6200000,1140000,1040000,5700000,5600000,1320000,2320000,2120000,1820000,1720000,6280000,6080000,13200000,11200000,21400000,20900000,1520000,1420000,692000,892000,3640000,3540000,4960000,NA,8280000,2640000,920000,1,3,NA,0.0050,0.4500,26400000,9999-12-31,USD,31400000,3,331110,1.0000,1,0,,0,NA,26400000,
CUST065,INT065,INT065,Zeta Corp,San Francisco,US,94105,511210,1,B,12-3456789,NASDAQ,ZETA,456789,CF065,CF065,2020-01-15,2025-01-15,7,,11,,26500000,26000000,6,Corporate Banking,0,0,9999-12-31,1,2,2,1,0.045,NA,NA,NA,NA,1,1,NA,NA,NA,NA,ENT065,Zeta Corp Finance,B,2020-12-31,2021-01-15,26500000,25500000,6250000,1150000,1050000,5750000,5650000,1325000,2325000,2125000,1825000,1725000,6300000,6100000,13250000,11250000,21500000,21000000,1525000,1425000,695000,895000,3650000,3550000,4975000,NA,8300000,2650000,925000,1,3,NA,0.0050,0.4500,26500000,9999-12-31,USD,31500000,3,511210,1.0000,1,0,,0,NA,26500000,
CUST066,INT066,INT066,Acme Corp,New York,US,10001,511110,1,C,98-7654321,NA,ACM,123456,CF066,CF066,2020-01-15,2025-01-15,7,,11,,26600000,26100000,7,Corporate Banking,0,0,9999-12-31,2,3,3,1,0.045,NA,NA,NA,NA,1,1,NA,NA,NA,NA,ENT066,Acme Corp Finance,C,2020-12-31,2021-01-15,26600000,25600000,6300000,1160000,1060000,5800000,5700000,1330000,2330000,2130000,1830000,1730000,6320000,6120000,13300000,11300000,21600000,21100000,1530000,1430000,698000,898000,3660000,3560000,4990000,NA,8320000,2660000,930000,1,3,NA,0.0050,0.4500,26600000,9999-12-31,USD,31600000,3,511110,1.0000,1,0,,0,NA,26600000,
CUST067,INT067,INT067,Beta LLC,Los Angeles,US,90001,541330,1,A,12-3456789,NYSE,BETA,654321,CF067,CF067,2020-01-15,2025-01-15,7,,11,,26700000,26200000,8,Corporate Banking,0,0,9999-12-31,1,4,4,1,0.045,NA,NA,NA,NA,1,1,NA,NA,NA,NA,ENT067,Beta LLC Finance,A,2020-12-31,2021-01-15,26700000,25700000,6350000,1170000,1070000,5850000,5750000,1335000,2335000,2135000,1835000,1735000,6340000,6140000,13350000,11350000,21700000,21200000,1535000,1435000,701000,901000,3670000,3570000,5005000,NA,8340000,2670000,935000,1,3,NA,0.0050,0.4500,26700000,9999-12-31,USD,31700000,3,541330,1.0000,1,0,,0,NA,26700000,
CUST068,INT068,INT068,Delta Inc,Chicago,US,60601,424480,1,B,98-7654321,NASDAQ,DELTA,234567,CF068,CF068,2020-01-15,2025-01-15,7,,11,,26800000,26300000,9,Corporate Banking,0,0,9999-12-31,2,1,5,1,0.045,NA,NA,NA,NA,1,1,NA,NA,NA,NA,ENT068,Delta Inc Finance,B,2020-12-31,2021-01-15,$26800000,25800000,6400000,1180000,1080000,5900000,5800000,1340000,2340000,2140000,1840000,1740000,6360000,6160000,13400000,11400000,21800000,21300000,1540000,1440000,704000,904000,3680000,3580000,5020000,NA,8360000,2680000,940000,1,3,NA,0.0050,0.4500,26800000,9999-12-31,USD,31800000,3,424480,1.0000,1,0,,0,NA,26800000,
CUST069,INT069,INT069,Epsilon Co,Houston,US,77001,331110,1,C,12-3456789,NA,EPS,345678,CF069,CF069,2020-01-15,2025-01-15,7,,11,,26900000,26400000,10,Corporate Banking,0,0,9999-12-31,1,2,6,1,0.045,NA,NA,NA,NA,1,1,NA,NA,NA,NA,ENT069,Epsilon Co Finance,C,2020-12-31,2021-01-15,26900000,25900000,6450000,1190000,1090000,5950000,5850000,1345000,2345000,2145000,1845000,1745000,6380000,6180000,13450000,11450000,21900000,21400000,1545000,1445000,707000,907000,3690000,3590000,5035000,NA,8380000,2690000,945000,1,3,NA,0.0050,0.4500,26900000,9999-12-31,USD,31900000,3,331110,1.0000,1,0,,0,NA,26900000,
CUST070,INT070,INT070,Zeta Corp,San Francisco,US,94105,511210,1,A,98-7654321,NYSE,ZETA,456789,CF070,CF070,01/15/2020,2025-01-15,7,,11,,27000000,26500000,1,Corporate Banking,0,0,9999-12-31,2,3,0,1,0.045,NA,NA,NA,NA,1,1,NA,NA,NA,NA,ENT070,Zeta Corp Finance,A,2020-12-31,2021-01-15,27000000,26000000,6500000,1200000,1100000,6000000,5900000,1350000,2350000,2150000,1850000,1750000,6400000,6200000,13500000,11500000,22000000,21500000,1550000,1450000,710000,910000,3700000,3600000,5050000,NA,8400000,2700000,950000,1,3,NA,0.0050,0.4500,27000000,9999-12-31,USD,32000000,3,511210,1.0000,1,0,,0,NA,27000000,
CUST071,INT071,INT071,Acme Corp,New York,US,10001,511110,1,B,12-3456789,NASDAQ,ACM,123456,CF071,CF071,2020-01-15,2025-01-15,7,,11,,27100000,26600000,2,Corporate Banking,0,0,9999-12-31,1,4,1,1,0.045,NA,NA,NA,NA,1,1,NA,NA,NA,NA,ENT071,Acme Corp Finance,B,2020-12-31,2021-01-15,27100000,26100000,6550000,1210000,1110000,6050000,5950000,1355000,2355000,2155000,1855000,1755000,6420000,6220000,13550000,11550000,22100000,21600000,1555000,1455000,713000,913000,3710000,3610000,5065000,NA,8420000,2710000,955000,1,3,NA,0.0050,0.4500,27100000,9999-12-31,USD,32100000,3,511110,1.0000,1,0,,0,NA,27100000,
CUST072,INT072,INT072,Beta LLC,Los Angeles,US,90001,541330,1,C,98-7654321,NA,BETA,654321,CF072,CF072,2020-01-15,2025-01-15,7,,11,,27200000,26700000,3,Corporate Banking,0,0,9999-12-31,2,1,2,1,0.045,NA,NA,NA,NA,1,1,NA,NA,NA,NA,ENT072,Beta LLC Finance,C,2020-12-31,2021-01-15,$27200000,26200000,6600000,1220000,1120000,6100000,6000000,1360000,2360000,2160000,1860000,1760000,6440000,6240000,13600000,11600000,22200000,21700000,1560000,1460000,716000,916000,3720000,3620000,5080000,NA,8440000,2720000,960000,1,3,NA,0.0050,0.4500,27200000,9999-12-31,USD,32200000,3,541330,1.0000,1,0,,0,NA,27200000,
CUST073,INT073,INT073,Delta Inc,Chicago,US,60601,424480,1,A,12-3456789,NYSE,DELTA,234567,CF073,CF073,2020-01-15,2025-01-15,7,,11,,27300000,26800000,4,Corporate Banking,0,0,9999-12-31,1,2,3,1,0.045,NA,NA,NA,NA,1,1,NA,NA,NA,NA,ENT073,Delta Inc Finance,A,2020-12-31,2021-01-15,27300000,26300000,6650000,1230000,1130000,6150000,6050000,1365000,2365000,2165000,1865000,1765000,6460000,6260000,13650000,11650000,22300000,21800000,1565000,1465000,719000,919000,3730000,3630000,5095000,NA,8460000,2730000,965000,1,3,NA,0.0050,0.4500,27300000,9999-12-31,USD,32300000,3,424480,1.0000,1,0,,0,NA,27300000,
CUST074,INT074,INT074,Epsilon Co,Houston,US,77001,331110,1,B,98-7654321,NASDAQ,EPS,345678,CF074,CF074,2020-01-15,2025-01-15,7,,11,,27400000,26900000,5,Corporate Banking,0,0,9999-12-31,2,3,4,1,0.045,NA,NA,NA,NA,1,1,NA,NA,NA,NA,ENT074,Epsilon Co Finance,B,2020-12-31,2021-01-15,27400000,26400000,6700000,1240000,1140000,6200000,6100000,1370000,2370000,2170000,1870000,1770000,6480000,6280000,13700000,11700000,22400000,21900000,1570000,1470000,722000,922000,3740000,3640000,5110000,NA,8480000,2740000,970000,1,3,NA,0.0050,0.4500,27400000,9999-12-31,USD,32400000,3,331110,1.0000,1,0,,0,NA,27400000,
CUST075,INT075,INT075,"Zeta Corp, Inc",San Francisco,US,94105,511210,1,C,12-3456789,NA,ZETA,456789,CF075,CF075,2020-01-15,2025-01-15,7,,11,,27500000,27000000,6,Corporate Banking,0,0,9999-12-31,1,4,5,1,0.045,NA,NA,NA,NA,1,2,G075,Guarantor Zeta Corp,12-3456789,B,ENT075,Zeta Corp Finance,C,2020-12-31,2021-01-15,27500000,26500000,6750000,1250000,1150000,6250000,6150000,1375000,2375000,2175000,1875000,1775000,6500000,6300000,13750000,11750000,22500000,22000000,1575000,1475000,725000,925000,3750000,3650000,5125000,NA,8500000,2750000,975000,1,3,NA,0.0050,0.4500,27500000,9999-12-31,USD,32500000,3,511210,1.0000,1,0,,0,NA,27500000,
CUST076,INT076,INT076,Acme Corp,New York,US,10001,511110,1,A,98-7654321,NYSE,ACM,123456,CF076,CF076,2020-01-15,2025-01-15,7,,11,,27600000,27100000,7,Corporate Banking,0,0,9999-12-31,2,1,6,1,0.045,NA,NA,NA,NA,1,1,NA,NA,NA,NA,ENT076,Acme Corp Finance,A,2020-12-31,2021-01-15,$27600000,26600000,6800000,1260000,1160000,6300000,6200000,1380000,2380000,2180000,1880000,1780000,6520000,6320000,13800000,11800000,22600000,22100000,1580000,1480000,728000,928000,3760000,3660000,5140000,NA,8520000,2760000,980000,1,3,NA,0.0050,0.4500,27600000,9999-12-31,USD,32600000,3,511110,1.0000,1,0,,0,NA,27600000,
CUST077,INT077,INT077,Beta LLC,Los Angeles,US,90001,541330,1,B,12-3456789,NASDAQ,BETA,654321,CF077,CF077,2020-01-15,2025-01-15,7,,11,,27700000,27200000,8,Corporate Banking,0,0,9999-12-31,1,2,0,1,0.045,NA,NA,NA,NA,1,1,NA,NA,NA,NA,ENT077,Beta LLC Finance,B,2020-12-31,2021-01-15,27700000,26700000,6850000,1270000,1170000,6350000,6250000,1385000,2385000,2185000,1885000,1785000,6540000,6340000,13850000,11850000,22700000,22200000,1585000,1485000,731000,931000,3770000,3670000,5155000,NA,8540000,2770000,985000,1,3,NA,0.0050,0.4500,27700000,9999-12-31,USD,32700000,3,541330,1.0000,1,0,,0,NA,27700000,
CUST078,INT078,INT078,Delta Inc,Chicago,US,60601,424480,1,C,98-7654321,NA,DELTA,234567,CF078,CF078,2020-01-15,2025-01-15,7,,11,,27800000,27300000,9,Corporate Banking,0,0,9999-12-31,2,3,1,1,0.045,NA,NA,NA,NA,1,1,NA,NA,NA,NA,ENT078,Delta Inc Finance,C,2020-12-31,2021-01-15,27800000,26800000,6900000,1280000,1180000,6400000,6300000,1390000,2390000,2190000,1890000,1790000,6560000,6360000,13900000,11900000,22800000,22300000,1590000,1490000,734000,934000,3780000,3680000,5170000,NA,8560000,2780000,990000,1,3,NA,0.0050,0.4500,27800000,9999-12-31,USD,32800000,3,424480,1.0000,1,0,,0,NA,27800000,
CUST079,INT079,INT079,Epsilon Co,Houston,US,77001,331110,1,A,12-3456789,NYSE,EPS,345678,CF079,CF079,2020-01-15,2025-01-15,7,,11,,27900000,27400000,10,Corporate Banking,0,0,9999-12-31,1,4,2,1,0.045,NA,NA,NA,NA,1,1,NA,NA,NA,NA,ENT079,Epsilon Co Finance,A,2020-12-31,2021-01-15,27900000,26900000,6950000,1290000,1190000,6450000,6350000,1395000,2395000,2195000,1895000,1795000,6580000,6380000,13950000,11950000,22900000,22400000,1595000,1495000,737000,937000,3790000,3690000,5185000,NA,8580000,2790000,995000,1,3,NA,0.0050,0.4500,27900000,9999-12-31,USD,32900000,3,331110,1.0000,1,0,,0,NA,27900000,
CUST080,INT080,INT080,Zeta Corp ,San Francisco,US,94105,511210,1,B,98-7654321,NASDAQ,ZETA,456789,CF080,CF080,01/15/2020,2025-01-15,7,,11,,28000000,27500000,1,Corporate Banking,0,0,9999-12-31,2,1,3,1,0.045,NA,NA,NA,NA,1,1,NA,NA,NA,NA,ENT080,Zeta Corp Finance,B,2020-12-31,2021-01-15,$28000000,27000000,7000000,1300000,1200000,6500000,6400000,1400000,2400000,2200000,1900000,1800000,6600000,6400000,14000000,12000000,23000000,22500000,1600000,1500000,740000,940000,3800000,3700000,5200000,NA,8600000,2800000,1000000,1,3,NA,0.0050,0.4500,28000000,9999-12-31,USD,33000000,3,511210,1.0000,1,0,,0,NA,28000000,
CUST081,INT081,INT081,Acme Corp,New York,US,10001,511110,1,C,12-3456789,NA,ACM,123456,CF081,CF081,2020-01-15,2025-01-15,7,,11,,28100000,27600000,2,Corporate Banking,0,0,9999-12-31,1,2,4,1,0.045,NA,NA,NA,NA,1,1,NA,NA,NA,NA,ENT081,Acme Corp Finance,C,2020-12-31,2021-01-15,28100000,27100000,7050000,1310000,1210000,6550000,6450000,1405000,2405000,2205000,1905000,1805000,6620000,6420000,14050000,12050000,23100000,22600000,1605000,1505000,743000,943000,3810000,3710000,5215000,NA,8620000,2810000,1005000,1,3,NA,0.0050,0.4500,28100000,9999-12-31,USD,33100000,3,511110,1.0000,1,0,,0,NA,28100000,
CUST082,INT082,INT082,Beta LLC,Los Angeles,US,90001,541330,1,A,98-7654321,NYSE,BETA,654321,CF082,CF082,2020-01-15,2025-01-15,7,,11,,28200000,27700000,3,Corporate Banking,0,0,9999-12-31,2,3,5,1,0.045,NA,NA,NA,NA,1,1,NA,NA,NA,NA,ENT082,Beta LLC Finance,A,2020-12-31,2021-01-15,28200000,27200000,7100000,1320000,1220000,6600000,6500000,1410000,2410000,2210000,1910000,1810000,6640000,6440000,14100000,12100000,23200000,22700000,1610000,1510000,746000,946000,3820000,3720000,5230000,NA,8640000,2820000,1010000,1,3,NA,0.0050,0.4500,28200000,9999-12-31,USD,33200000,3,541330,1.0000,1,0,,0,NA,28200000,
CUST083,INT083,INT083,Delta Inc,Chicago,US,60601,424480,1,B,12-3456789,NASDAQ,DELTA,234567,CF083,CF083,2020-01-15,2025-01-15,7,,11,,28300000,27800000,4,Corporate Banking,0,0,9999-12-31,1,4,6,1,0.045,NA,NA,NA,NA,1,1,NA,NA,NA,NA,ENT083,Delta Inc Finance,B,2020-12-31,2021-01-15,28300000,27300000,7150000,1330000,1230000,6650000,6550000,1415000,2415000,2215000,1915000,1815000,6660000,6460000,14150000,12150000,23300000,22800000,1615000,1515000,749000,949000,3830000,3730000,5245000,NA,8660000,2830000,1015000,1,3,NA,0.0050,0.4500,28300000,9999-12-31,USD,33300000,3,424480,1.0000,1,0,,0,NA,28300000,
CUST084,INT084,INT084,Epsilon Co,Houston,US,77001,331110,1,C,98-7654321,NA,EPS,345678,CF084,CF084,2020-01-15,2025-01-15,7,,11,,28400000,27900000,5,Corporate Banking,0,0,9999-12-31,2,1,0,1,0.045,NA,NA,NA,NA,1,1,NA,NA,NA,NA,ENT084,Epsilon Co Finance,C,2020-12-31,2021-01-15,$28400000,27400000,7200000,1340000,1240000,6700000,6600000,1420000,2420000,2220000,1920000,1820000,6680000,6480000,14200000,12200000,23400000,22900000,1620000,1520000,752000,952000,3840000,3740000,5260000,NA,8680000,2840000,1020000,1,3,NA,0.0050,0.4500,28400000,9999-12-31,USD,33400000,3,331110,1.0000,1,0,,0,NA,28400000,
CUST085,INT085,INT085,Zeta Corp,San Francisco,US,94105,511210,1,A,12-3456789,NYSE,ZETA,456789,CF085,CF085,2020-01-15,2025-01-15,7,,11,,28500000,28000000,6,Corporate Banking,0,0,9999-12-31,1,2,1,1,0.045,NA,NA,NA,NA,1,1,NA,NA,NA,NA,ENT085,Zeta Corp Finance,A,2020-12-31,2021-01-15,28500000,27500000,7250000,1350000,1250000,6750000,6650000,1425000,2425000,2225000,1925000,1825000,6700000,6500000,14250000,12250000,23500000,23000000,1625000,1525000,755000,955000,3850000,3750000,5275000,NA,8700000,2850000,1025000,1,3,NA,0.0050,0.4500,28500000,9999-12-31,USD,33500000,3,511210,1.0000,1,0,,0,NA,28500000,
CUST086,INT086,INT086,Acme Corp,New York,US,10001,511110,1,B,98-7654321,NASDAQ,ACM,123456,CF086,CF086,2020-01-15,2025-01-15,7,,11,,28600000,28100000,7,Corporate Banking,0,0,9999-12-31,2,3,2,1,0.045,NA,NA,NA,NA,1,1,NA,NA,NA,NA,ENT086,Acme Corp Finance,B,2020-12-31,2021-01-15,28600000,27600000,7300000,1360000,1260000,6800000,6700000,1430000,2430000,2230000,1930000,1830000,6720000,6520000,14300000,12300000,23600000,23100000,1630000,1530000,758000,958000,3860000,3760000,5290000,NA,8720000,2860000,1030000,1,3,NA,0.0050,0.4500,28600000,9999-12-31,USD,33600000,3,511110,1.0000,1,0,,0,NA,28600000,
CUST087,INT087,INT087,Beta LLC,Los Angeles,US,90001,541330,1,C,12-3456789,NA,BETA,654321,CF087,CF087,2020-01-15,2025-01-15,7,,11,,28700000,28200000,8,Corporate Banking,0,0,9999-12-31,1,4,3,1,0.045,NA,NA,NA,NA,1,1,NA,NA,NA,NA,ENT087,Beta LLC Finance,C,2020-12-31,2021-01-15,28700000,27700000,7350000,1370000,1270000,6850000,6750000,1435000,2435000,2235000,1935000,1835000,6740000,6540000,14350000,12350000,23700000,23200000,1635000,1535000,761000,961000,3870000,3770000,5305000,NA,8740000,2870000,1035000,1,3,NA,0.0050,0.4500,28700000,9999-12-31,USD,33700000,3,541330,1.0000,1,0,,0,NA,28700000,
CUST088,INT088,INT088,Delta Inc,Chicago,US,60601,424480,1,A,98-7654321,NYSE,DELTA,234567,CF088,CF088,2020-01-15,2025-01-15,7,,11,,28800000,28300000,9,Corporate Banking,0,0,9999-12-31,2,1,4,1,0.045,NA,NA,NA,NA,1,1,NA,NA,NA,NA,ENT088,Delta Inc Finance,A,2020-12-31,2021-01-15,$28800000,27800000,7400000,1380000,1280000,6900000,6800000,1440000,2440000,2240000,1940000,1840000,6760000,6560000,14400000,12400000,23800000,23300000,1640000,1540000,764000,964000,3880000,3780000,5320000,NA,8760000,2880000,1040000,1,3,NA,0.0050,0.4500,28800000,9999-12-31,USD,33800000,3,424480,1.0000,1,0,,0,NA,28800000,
CUST089,INT089,INT089,Epsilon Co,Houston,US,77001,331110,1,B,12-3456789,NASDAQ,EPS,345678,CF089,CF089,2020-01-15,2025-01-15,7,,11,,28900000,28400000,10,Corporate Banking,0,0,9999-12-31,1,2,5,1,0.045,NA,NA,NA,NA,1,1,NA,NA,NA,NA,ENT089,Epsilon Co Finance,B,2020-12-31,2021-01-15,28900000,27900000,7450000,1390000,1290000,6950000,6850000,1445000,2445000,2245000,1945000,1845000,6780000,6580000,14450000,12450000,23900000,23400000,1645000,1545000,767000,967000,3890000,3790000,5335000,NA,8780000,2890000,1045000,1,3,NA,0.0050,0.4500,28900000,9999-12-31,USD,33900000,3,331110,1.0000,1,0,,0,NA,28900000,
CUST090,INT090,INT090,"Zeta Corp, Inc",San Francisco,US,94105,511210,1,C,98-7654321,NA,ZETA,456789,CF090,CF090,01/15/2020,2025-01-15,7,,11,,29000000,28500000,1,Corporate Banking,0,0,9999-12-31,2,3,6,1,0.045,NA,NA,NA,NA,1,1,NA,NA,NA,NA,ENT090,Zeta Corp Finance,C,2020-12-31,2021-01-15,29000000,28000000,7500000,1400000,1300000,7000000,6900000,1450000,2450000,2250000,1950000,1850000,6800000,6600000,14500000,12500000,24000000,23500000,1650000,1550000,770000,970000,3900000,3800000,5350000,NA,8800000,2900000,1050000,1,3,NA,0.0050,0.4500,29000000,9999-12-31,USD,34000000,3,511210,1.0000,1,0,,0,NA,29000000,
CUST091,INT091,INT091,Acme Corp,New York,US,10001,511110,1,A,12-3456789,NYSE,ACM,123456,CF091,CF091,2020-01-15,2025-01-15,7,,11,,29100000,28600000,2,Corporate Banking,0,0,9999-12-31,1,4,0,1,0.045,NA,NA,NA,NA,1,1,NA,NA,NA,NA,ENT091,Acme Corp Finance,A,2020-12-31,2021-01-15,29100000,28100000,7550000,1410000,1310000,7050000,6950000,1455000,2455000,2255000,1955000,1855000,6820000,6620000,14550000,12550000,24100000,23600000,1655000,1555000,773000,973000,3910000,3810000,5365000,NA,8820000,2910000,1055000,1,3,NA,0.0050,0.4500,29100000,9999-12-31,USD,34100000,3,511110,1.0000,1,0,,0,NA,29100000,
CUST092,INT092,INT092,Beta LLC,Los Angeles,US,90001,541330,1,B,98-7654321,NASDAQ,BETA,654321,CF092,CF092,2020-01-15,2025-01-15,7,,11,,29200000,28700000,3,Corporate Banking,0,0,9999-12-31,2,1,1,1,0.045,NA,NA,NA,NA,1,1,NA,NA,NA,NA,ENT092,Beta LLC Finance,B,2020-12-31,2021-01-15,$29200000,28200000,7600000,1420000,1320000,7100000,7000000,1460000,2460000,2260000,1960000,1860000,6840000,6640000,14600000,12600000,24200000,23700000,1660000,1560000,776000,976000,3920000,3820000,5380000,NA,8840000,2920000,1060000,1,3,NA,0.0050,0.4500,29200000,9999-12-31,USD,34200000,3,541330,1.0000,1,0,,0,NA,29200000,
CUST093,INT093,INT093,Delta Inc,Chicago,US,60601,424480,1,C,12-3456789,NA,DELTA,234567,CF093,CF093,2020-01-15,2025-01-15,7,,11,,29300000,28800000,4,Corporate Banking,0,0,9999-12-31,1,2,2,1,0.045,NA,NA,NA,NA,1,1,NA,NA,NA,NA,ENT093,Delta Inc Finance,C,2020-12-31,2021-01-15,29300000,28300000,7650000,1430000,1330000,7150000,7050000,1465000,2465000,2265000,1965000,1865000,6860000,6660000,14650000,12650000,24300000,23800000,1665000,1565000,779000,979000,3930000,3830000,5395000,NA,8860000,2930000,1065000,1,3,NA,0.0050,0.4500,29300000,9999-12-31,USD,34300000,3,424480,1.0000,1,0,,0,NA,29300000,
CUST094,INT094,INT094,Epsilon Co,Houston,US,77001,331110,1,A,98-7654321,NYSE,EPS,345678,CF094,CF094,2020-01-15,2025-01-15,7,,11,,29400000,28900000,5,Corporate Banking,0,0,9999-12-31,2,3,3,1,0.045,NA,NA,NA,NA,1,1,NA,NA,NA,NA,ENT094,Epsilon Co Finance,A,2020-12-31,2021-01-15,29400000,28400000,7700000,1440000,1340000,7200000,7100000,1470000,2470000,2270000,1970000,1870000,6880000,6680000,14700000,12700000,24400000,23900000,1670000,1570000,782000,982000,3940000,3840000,5410000,NA,8880000,2940000,1070000,1,3,NA,0.0050,0.4500,29400000,9999-12-31,USD,34400000,3,331110,1.0000,1,0,,0,NA,29400000,
CUST095,INT095,INT095,Zeta Corp,San Francisco,US,94105,511210,1,B,12-3456789,NASDAQ,ZETA,456789,CF095,CF095,2020-01-15,2025-01-15,7,,11,,29500000,29000000,6,Corporate Banking,0,0,9999-12-31,1,4,4,1,0.045,NA,NA,NA,NA,1,1,NA,NA,NA,NA,ENT095,Zeta Corp Finance,B,2020-12-31,2021-01-15,29500000,28500000,7750000,1450000,1350000,7250000,7150000,1475000,2475000,2275000,1975000,1875000,6900000,6700000,14750000,12750000,24500000,24000000,1675000,1575000,785000,985000,3950000,3850000,5425000,NA,8900000,2950000,1075000,1,3,NA,0.0050,0.4500,29500000,9999-12-31,USD,34500000,3,511210,1.0000,1,0,,0,NA,29500000,
CUST096,INT096,INT096,Acme Corp,New York,US,10001,511110,1,C,98-7654321,NA,ACM,123456,CF096,CF096,2020-01-15,2025-01-15,7,,11,,29600000,29100000,7,Corporate Banking,0,0,9999-12-31,2,1,5,1,0.045,NA,NA,NA,NA,1,1,NA,NA,NA,NA,ENT096,Acme Corp Finance,C,2020-12-31,2021-01-15,$29600000,28600000,7800000,1460000,1360000,7300000,7200000,1480000,2480000,2280000,1980000,1880000,6920000,6720000,14800000,12800000,24600000,24100000,1680000,1580000,788000,988000,3960000,3860000,5440000,NA,8920000,2960000,1080000,1,3,NA,0.0050,0.4500,29600000,9999-12-31,USD,34600000,3,511110,1.0000,1,0,,0,NA,29600000,
CUST097,INT097,INT097,Beta LLC,Los Angeles,US,90001,541330,1,A,12-3456789,NYSE,BETA,654321,CF097,CF097,2020-01-15,2025-01-15,7,,11,,29700000,29200000,8,Corporate Banking,0,0,9999-12-31,1,2,6,1,0.045,NA,NA,NA,NA,1,1,NA,NA,NA,NA,ENT097,Beta LLC Finance,A,2020-12-31,2021-01-15,29700000,28700000,7850000,1470000,1370000,7350000,7250000,1485000,2485000,2285000,1985000,1885000,6940000,6740000,14850000,12850000,24700000,24200000,1685000,1585000,791000,991000,3970000,3870000,5455000,NA,8940000,2970000,1085000,1,3,NA,0.0050,0.4500,29700000,9999-12-31,USD,34700000,3,541330,1.0000,1,0,,0,NA,29700000,
CUST098,INT098,INT098,Delta Inc,Chicago,US,60601,424480,1,B,98-7654321,NASDAQ,DELTA,234567,CF098,CF098,2020-01-15,2025-01-15,7,,11,,29800000,29300000,9,Corporate Banking,0,0,9999-12-31,2,3,0,1,0.045,NA,NA,NA,NA,1,1,NA,NA,NA,NA,ENT098,Delta Inc Finance,B,2020-12-31,2021-01-15,29800000,28800000,7900000,1480000,1380000,7400000,7300000,1490000,2490000,2290000,1990000,1890000,6960000,6760000,14900000,12900000,24800000,24300000,1690000,1590000,794000,994000,3980000,3880000,5470000,NA,8960000,2980000,1090000,1,3,NA,0.0050,0.4500,29800000,9999-12-31,USD,34800000,3,424480,1.0000,1,0,,0,NA,29800000,
CUST099,INT099,INT099,Epsilon Co,Houston,US,77001,331110,1,C,12-3456789,NA,EPS,345678,CF099,CF099,2020-01-15,2025-01-15,7,,11,,29900000,29400000,10,Corporate Banking,0,0,9999-12-31,1,4,1,1,0.045,NA,NA,NA,NA,1,1,NA,NA,NA,NA,ENT099,Epsilon Co Finance,C,2020-12-31,2021-01-15,29900000,28900000,7950000,1490000,1390000,7450000,7350000,1495000,2495000,2295000,1995000,1895000,6980000,6780000,14950000,12950000,24900000,24400000,1695000,1595000,797000,997000,3990000,3890000,5485000,NA,8980000,2990000,1095000,1,3,NA,0.0050,0.4500,29900000,9999-12-31,USD,34900000,3,331110,1.0000,1,0,,0,NA,29900000,
CUST100,INT100,INT100,Zeta Corp ,San Francisco,US,94105,511210,1,A,98-7654321,NYSE,ZETA,456789,CF100,CF100,01/15/2020,2025-01-15,7,,11,,30000000,29500000,1,Corporate Banking,0,0,9999-12-31,2,1,2,1,0.045,NA,NA,NA,NA,1,2,G100,Guarantor Zeta Corp,12-3456789,B,ENT100,Zeta Corp Finance,A,2020-12-31,2021-01-15,$30000000,29000000,8000000,1500000,1400000,7500000,7400000,1500000,2500000,2300000,2000000,1900000,7000000,6800000,15000000,13000000,25000000,24500000,1700000,1600000,800000,1000000,4000000,3900000,5500000,NA,9000000,3000000,1100000,1,3,NA,0.0050,0.4500,30000000,9999-12-31,USD,35000000,3,511210,1.0000,1,0,,0,NA,30000000,
